"https://bitcoinmagazine.com/#main-content","Bitcoin","NEUTRAL"
"https://www.coindesk.com/","Bitcoin","NEUTRAL"
"https://www.coindesk.com/","Ethereum","NEUTRAL"
"https://bitcoinmagazine.com/industry-events","Bitcoin","NEUTRAL"
"https://cointelegraph.com/","Bitcoin","NEUTRAL"
"https://cointelegraph.com/","Ethereum","NEUTRAL"
"https://bitcoinmagazine.com/culture","Bitcoin","NEUTRAL"
"https://bitcoinmagazine.com/business","Bitcoin","NEUTRAL"
"https://bitcoinmagazine.com/technical","Bitcoin","NEUTRAL"
"https://bitcoinmagazine.com/markets","Bitcoin","NEUTRAL"
"https://store.bitcoinmagazine.com/","Bitcoin","NEUTRAL"
"https://99bitcoins.com","Bitcoin","POSITIVE"
"https://99bitcoins.com","Bitcoin","POSITIVE"
"https://cryptosrus.com/#","Bitcoin","NEUTRAL"
"https://cryptosrus.com/#","Ethereum","NEUTRAL"
"https://99bitcoins.com/buy-bitcoin/","Bitcoin","NEUTRAL"
"https://conference.bitcoinmagazine.com/","Bitcoin","NEUTRAL"
"https://99bitcoins.com/buy-bitcoin/paypal/","Bitcoin","NEUTRAL"
"https://99bitcoins.com/buy-bitcoin/credit-card/","Bitcoin","NEUTRAL"
"https://99bitcoins.com/buy-bitcoin/debit-card/","Bitcoin","NEUTRAL"
"https://99bitcoins.com/buy-bitcoin/buy-bitcoin-with-apple-pay/","Bitcoin","NEGATIVE"
"https://99bitcoins.com/buy-bitcoin/buy-bitcoin-with-cash/","Bitcoin","NEUTRAL"
"https://www.coindesk.com/events/","Bitcoin","NEUTRAL"
"https://www.coindesk.com/events/","Ethereum","NEUTRAL"
"https://99bitcoins.com/buy-bitcoin/buy-bitcoin-anonymously-without-id/","Bitcoin","NEUTRAL"
"https://99bitcoins.com/bitcoin-wallet/","Bitcoin","POSITIVE"
"https://99bitcoins.com/bitcoin-wallet/apps/","Bitcoin","NEUTRAL"
"https://cointelegraph.com/bitcoin-price","Bitcoin","NEUTRAL"
"https://99bitcoins.com/bitcoin-wallet/paper/","Bitcoin","NEUTRAL"
"https://cryptosrus.com/mining/","Bitcoin","NEUTRAL"
"https://99bitcoins.com/bitcoin-trading/","Bitcoin","NEUTRAL"
"https://99bitcoins.com/bitcoin-exchanges/","Bitcoin","POSITIVE"
"https://99bitcoins.com/buy-ethereum/","Ethereum","NEUTRAL"
"https://earncarrot.com/","Bitcoin","NEUTRAL"
"https://bitcoinmagazine.com/press-releases","Bitcoin","NEUTRAL"
"https://bitcoinmagazine.com/reviews","Bitcoin","NEUTRAL"
"https://99bitcoins.com/buy-cardano-ada/","Cardano","NEUTRAL"
"https://cointelegraph.com/ethereum-price","Ethereum","NEUTRAL"
"https://99bitcoins.com/earn-bitcoins/","Bitcoin","NEUTRAL"
"https://99bitcoins.com/bitcoin-mining/","Bitcoin","NEUTRAL"
"https://99bitcoins.com/bitcoin-mining/hardware/","Bitcoin","POSITIVE"
"https://99bitcoins.com/bitcoin-mining/calculator/","Bitcoin","NEUTRAL"
"https://99bitcoins.com/bitcoin-mining/cloud-mining/","Bitcoin","NEUTRAL"
"https://99bitcoins.com/bitcoin/loan/","Bitcoin","POSITIVE"
"https://99bitcoins.com/best-bitcoin-casino/","Bitcoin","NEUTRAL"
"https://99bitcoins.com/bitcoin/affiliate-programs/","Bitcoin","POSITIVE"
"https://cryptosrus.teachable.com/","Bitcoin","NEUTRAL"
"https://99bitcoins.com/","Bitcoin","POSITIVE"
"https://99bitcoins.com/","Bitcoin","POSITIVE"
"https://99bitcoins.com/bitcoin-news-summary-apr-4-2022/","Bitcoin","NEUTRAL"
"http://b.tc/21days","Bitcoin","NEUTRAL"
"https://mailchi.mp/bitcoinmagazine/subscribe","Bitcoin","POSITIVE"
"https://99bitcoins.com/bitcoin-news-summary-mar-21-2022/","Bitcoin","NEUTRAL"
"https://www.coindesk.com/tv/","Bitcoin","NEUTRAL"
"https://www.coindesk.com/tv/","Ethereum","NEUTRAL"
"https://99bitcoins.com/bitcoin-news-summary-mar-14-2022/","Bitcoin","NEUTRAL"
"https://bitcoinmagazine.com/about","Bitcoin","NEUTRAL"
"https://www.coindesk.com/price/bitcoin/","Bitcoin","NEUTRAL"
"https://www.coindesk.com/price/ethereum/","Ethereum","NEUTRAL"
"https://99bitcoins.com/bitcoin-news-summary-feb-14-2022/","Bitcoin","NEUTRAL"
"https://99bitcoins.com/bitcoin-news-summary-feb-7-2022/","Bitcoin","NEGATIVE"
"https://www.coindesk.com/price/cardano/","Cardano","NEUTRAL"
"https://b.tc/","Bitcoin","NEUTRAL"
"https://bitcoinmagazine.com/","Bitcoin","NEUTRAL"
"https://bitcoinmagazine.com/articles","Bitcoin","NEUTRAL"
"https://bitcoinmagazine.com/tags/deep-dive","Bitcoin","NEUTRAL"
"https://bitcoinmagazine.com/tags/bitcoin-mining","Bitcoin","NEUTRAL"
"https://99bitcoins.com/bitcoin-obituaries","Bitcoin","NEGATIVE"
"https://bitcoinmagazine.com/search","Bitcoin","NEUTRAL"
"https://99bitcoins.com/bitcoin/historical-price","Bitcoin","NEUTRAL"
"https://bitcoinmagazine.com/industry-events/bitcoin-2022","Bitcoin","NEUTRAL"
"https://bitcoinmagazine.com/culture/eric-weinstein-and-avi-loeb-breaking-physics-and-changing-the-world","Bitcoin","NEUTRAL"
"https://cointelegraph.com/bitcoin-cash-price-index","Bitcoin","NEUTRAL"
"https://bitcoinmagazine.com/authors/shawn-amick","Bitcoin","NEUTRAL"
"https://bitcoinmagazine.com/tags/news","Bitcoin","NEUTRAL"
"https://bitcoinmagazine.com/business/senator-lummis-details-new-bitcoin-bill","Bitcoin","NEGATIVE"
"https://bitcoinmagazine.com/industry-events/jordan-peterson-champions-capitalism","Bitcoin","NEUTRAL"
"https://bitcoinmagazine.com/authors/casey","Bitcoin","NEUTRAL"
"https://bitcoinmagazine.com/guides/what-is-bitcoin","Bitcoin","NEUTRAL"
"https://bitcoinmagazine.com/guides/how-to-get-bitcoins","Bitcoin","NEUTRAL"
"https://bitcoinmagazine.com/guides/how-to-get-bitcoins","Bitcoin","NEUTRAL"
"https://bitcoinmagazine.com/guides/using-bitcoin","Bitcoin","NEUTRAL"
"https://bitcoinmagazine.com/guides/using-bitcoin","Bitcoin","NEUTRAL"
"https://bitcoinmagazine.com/start","Bitcoin","NEUTRAL"
"https://bitcoinmagazine.com/start","Bitcoin","NEUTRAL"
"https://bitcoinmagazine.com/guides","Bitcoin","NEUTRAL"
"https://bitcoinmagazine.com/business/bitcoin-2022-panel-on-crypto-regulation","Bitcoin","NEUTRAL"
"https://www.coindesk.com/price/wrapped-bitcoin/","Bitcoin","NEUTRAL"
"https://bitcoinmagazine.com/authors/rick-mulvey","Bitcoin","NEUTRAL"
"https://bitcoinmagazine.com/tags/feature","Bitcoin","NEUTRAL"
"https://bitcoinmagazine.com/industry-events/dr-saifedean-ammous-bitcoin-2022","Bitcoin","NEUTRAL"
"https://bitcoinmagazine.com/authors/archie-chaudhury","Bitcoin","NEUTRAL"
"https://bitcoinmagazine.com/tags/opinion","Bitcoin","NEUTRAL"
"https://bitcoinmagazine.com/industry-events/tesla-cars-using-lightning-to-charge","Bitcoin","NEUTRAL"
"https://bitcoinmagazine.com/authors/fangorn","Bitcoin","NEGATIVE"
"https://bitcoinmagazine.com/technical/what-is-the-future-of-bitcoin-privacy","Bitcoin","NEUTRAL"
"https://bitcoinmagazine.com/authors/namcios","Bitcoin","NEGATIVE"
"https://bitcoinmagazine.com/business/grids-communities-and-the-bitcoin-network","Bitcoin","POSITIVE"
"https://bitcoinmagazine.com/authors/craig-deutsch","Bitcoin","NEUTRAL"
"https://bitcoinmagazine.com/business/trezor-adds-direct-to-self-custody-bitcoin-buys","Bitcoin","NEUTRAL"
"https://bitcoinmagazine.com/authors/peter-chawaga","Bitcoin","NEUTRAL"
"https://bitcoinmagazine.com/technical/coinjoin-coinswap-enable-bitcoin-privacy","Bitcoin","NEUTRAL"
"https://bitcoinmagazine.com/culture/bitcoin-advocacy-project-launches-super-pac","Bitcoin","NEGATIVE"
"https://bitcoinmagazine.com/industry-events/you-are-the-carbon-they-want-to-reduce","Bitcoin","NEUTRAL"
"https://bitcoinmagazine.com/industry-events/jack-mallers-adding-bitcoin-to-major-pos-networks","Bitcoin","NEGATIVE"
"https://bitcoinmagazine.com/business/igniting-the-bitcoin-payments-revolution","Bitcoin","NEGATIVE"
"https://bitcoinmagazine.com/business/ricardo-salinas-the-cult-of-central-banking-and-fiat-fraud","Bitcoin","NEUTRAL"
"https://bitcoinmagazine.com/business/voltage-will-release-two-new-lightning-products","Bitcoin","NEGATIVE"
"https://bitcoinmagazine.com/culture/yeonmi-park-bitcoin-is-freedom","Bitcoin","NEUTRAL"
"https://bitcoinmagazine.com/industry-events/peter-thiel-why-bitcoin-hasnt-taken-over-the-world","Bitcoin","NEUTRAL"
"https://b.tc","Bitcoin","NEUTRAL"
"https://www.theblockcrypto.com/post/141407/four-key-takeaways-about-mining-from-bitcoin-2022","Bitcoin","NEUTRAL"
"https://www.coindesk.com/price/bitcoin-cash/","Bitcoin","NEUTRAL"
"https://www.coindesk.com/price/ethereum-classic/","Ethereum","NEUTRAL"
"https://coinbuzzfeed.com#primary","Bitcoin","NEUTRAL"
"https://coinbuzzfeed.com#primary","Ethereum","NEUTRAL"
"https://dailycoin.com/bitcoin/","Bitcoin","NEUTRAL"
"https://coinbuzzfeed.com/","Bitcoin","NEUTRAL"
"https://coinbuzzfeed.com/","Ethereum","NEUTRAL"
"https://www.coindesk.com/price/algorand/","Algorand","NEUTRAL"
"https://dailycoin.com/bitcoin/bitcoin-price-updates/","Bitcoin","NEUTRAL"
"https://dailycoin.com/bitcoin/hashrate-updates/","Bitcoin","NEUTRAL"
"https://dailycoin.com/bitcoin/whales-and-shrimps/","Bitcoin","NEUTRAL"
"https://www.okex.com/join/1878723","Bitcoin","NEUTRAL"
"https://dailycoin.com/ethereum/","Ethereum","NEUTRAL"
"https://cryptosrus.com/how-to-save-on-transaction-fees-with-the-bitcoin-lightning-network/","Bitcoin","NEUTRAL"
"https://dailycoin.com/ethereum/ethereum-price-updates/","Ethereum","NEUTRAL"
"https://1inch.exchange/#/r/0x1a33EF125c8AD50b183bC6C498d7c85573AC054f","Ethereum","NEUTRAL"
"https://cryptosrus.com/how-long-can-ethereum-hang-on-to-its-market-share/","Ethereum","NEUTRAL"
"https://dailycoin.com/ethereum/gas-fees-andupdates/","Ethereum","NEUTRAL"
"https://cryptosrus.com/three-reasons-why-coinbase-offering-cardano-staking-rewards-is-bullish/","Cardano","NEUTRAL"
"https://coinbuzzfeed.com/crypto-charts/","Bitcoin","NEUTRAL"
"https://cryptosrus.com/fierce-debate-sparked-over-terras-bitcoin-reserve-plans/","Bitcoin","NEUTRAL"
"https://cryptosrus.com/bitcoin-ethereum-key-narratives-to-watch-in-2022/","Bitcoin","NEUTRAL"
"https://cryptosrus.com/bitcoin-ethereum-key-narratives-to-watch-in-2022/","Ethereum","NEUTRAL"
"https://www.cudominer.com/?a=yIz9wdRiK","Bitcoin","NEUTRAL"
"http://Coinbuzzfeed.com","Bitcoin","NEUTRAL"
"http://Coinbuzzfeed.com","Ethereum","NEUTRAL"
"http://COINBUZZFEED.COM","Bitcoin","NEUTRAL"
"http://COINBUZZFEED.COM","Ethereum","NEUTRAL"
"https://coinbuzzfeed.com/bitcoin-mining-calculator/","Bitcoin","NEUTRAL"
"https://coinbuzzfeed.com/ethereum-mining-calculator/","Ethereum","NEUTRAL"
"https://coinbuzzfeed.com#sidr","Bitcoin","NEUTRAL"
"https://coinbuzzfeed.com#sidr","Ethereum","NEUTRAL"
"https://coinbuzzfeed.com#search-drop","Bitcoin","NEUTRAL"
"https://coinbuzzfeed.com#search-drop","Ethereum","NEUTRAL"
"https://www.coindesk.com/price/bitcoin-sv/","Bitcoin","NEUTRAL"
"https://coinbuzzfeed.com/bitcoin-price-retests-the-45k-overhead-resistance-can-bulls-break-the-recent-high/","Bitcoin","NEUTRAL"
"https://coinbuzzfeed.com/bill-payments-with-bitcoin-are-now-legal-in-a-us-city/","Bitcoin","NEUTRAL"
"https://cointelegraph.com/tags/bitcoin","Bitcoin","NEUTRAL"
"https://coinbuzzfeed.com/bitcoin-game-theory-intensifies-russia-accepts-bitcoin-for-exports/","Bitcoin","NEUTRAL"
"https://cryptosrus.com/ethereum-on-chain-data-shows-that-the-network-is-waking-up-again/","Ethereum","NEUTRAL"
"https://cointelegraph.com/tags/ethereum","Ethereum","NEUTRAL"
"https://in.tradingview.com/symbols/BTCUSD/?exchange=COINBASE","Bitcoin","NEUTRAL"
"https://cryptosrus.com/algorand-dapp-partners-with-sec-regulated-company/","Algorand","NEUTRAL"
"https://cryptosrus.com/dfk-flipped-cardano-in-tvl-after-just-one-week/","Cardano","NEUTRAL"
"https://cryptosrus.com/us-and-russia-are-in-a-race-for-bitcoin-mining-supremacy/","Bitcoin","POSITIVE"
"https://cryptoslate.com/news/bitcoin/","Bitcoin","NEUTRAL"
"https://coinbuzzfeed.com/tag/bitcoin/","Bitcoin","NEUTRAL"
"https://cryptoslate.com/luna-foundation-guard-becomes-top-20-hodler-of-bitcoin/","Bitcoin","POSITIVE"
"https://cryptosrus.com/jp-morgan-visa-swift-and-algorand-release-future-of-payments-report/","Algorand","NEUTRAL"
"https://cryptoslate.com/news/ethereum/","Ethereum","NEUTRAL"
"https://cryptoslate.com/bitcoin-dips-below-43k-ust-backing-not-enough-as-fed-turns-hawkish/","Bitcoin","NEGATIVE"
"https://cryptosrus.com/currencies/BTC/bitcoin/","Bitcoin","NEUTRAL"
"https://cryptosrus.com/currencies/ETH/ethereum/","Ethereum","NEUTRAL"
"https://cryptosrus.com/currencies/ADA/cardano/","Cardano","NEUTRAL"
"https://coinbuzzfeed.com/malaysias-government-has-said-that-bitcoin-would-not-be-accepted-as-legal-tender/","Bitcoin","NEGATIVE"
"https://cryptoslate.com/bitcoin-to-be-accepted-by-mcdonalds-and-walmart-via-lightning-network/","Bitcoin","NEUTRAL"
"https://cryptoslate.com/honduras-adopts-bitcoin-as-legal-tender-but-theres-a-catch/","Bitcoin","NEUTRAL"
"https://cryptoslate.com/block-blockstream-and-tesla-collaborate-for-green-bitcoin-mining-facility/","Bitcoin","NEUTRAL"
"https://cryptonews.com/news/bitcoin-and-ethereum-target-additional-losses-altcoins-slide.htm","Bitcoin","NEUTRAL"
"https://cryptonews.com/news/bitcoin-and-ethereum-target-additional-losses-altcoins-slide.htm","Ethereum","NEUTRAL"
"https://cryptoslate.com/celsius-holds-more-bitcoin-than-any-other-company/","Bitcoin","NEUTRAL"
"https://www.newsbtc.com/crypto/price-of-bitcoin-retreats-under-42000/","Bitcoin","NEUTRAL"
"https://coinbuzzfeed.com/bitcoin-reaches-45k-as-a-result-of-the-petrobitcoin-sentiment/","Bitcoin","NEUTRAL"
"https://coinbuzzfeed.com/the-amount-of-power-used-by-global-air-conditioning-is-16-times-that-of-bitcoin/","Bitcoin","NEUTRAL"
"https://dailycoin.com/cryptopedia/bitcoin-101/","Bitcoin","NEUTRAL"
"https://www.coindesk.com/markets/2022/04/11/bitcoin-slips-under-42k-as-mounting-macro-risks-dollar-strength-overshadow-lfg-purchases/?utm_medium=referral&utm_source=rss&utm_campaign=headlines","Bitcoin","NEUTRAL"
"https://cryptoslate.com/news/algorand/","Algorand","NEUTRAL"
"https://dailycoin.com/cryptopedia/ethereum-101/","Ethereum","NEUTRAL"
"https://bitcoinist.com/revuto-app-introduces-revu-staking-pools-offering-users-cardano-based-token-rewards/","Cardano","NEUTRAL"
"https://cryptoslate.com/news/cardano/","Cardano","NEUTRAL"
"https://coinbuzzfeed.com#","Bitcoin","NEUTRAL"
"https://coinbuzzfeed.com#","Ethereum","NEUTRAL"
"https://www.newsbtc.com/news/company/rsk-is-transforming-the-bitcoin-network-into-a-go-to-destination-for-stablecoins-and-defi/","Bitcoin","NEUTRAL"
"https://coinbuzzfeed.com/?_page=2","Bitcoin","NEUTRAL"
"https://coinbuzzfeed.com/?_page=2","Ethereum","NEUTRAL"
"https://coinbuzzfeed.com/?_page=3","Bitcoin","NEUTRAL"
"https://coinbuzzfeed.com/?_page=3","Ethereum","NEUTRAL"
"https://cointelegraph.com/bitcoin-for-beginners","Bitcoin","NEUTRAL"
"https://cointelegraph.com/bitcoin-for-beginners","Bitcoin","NEUTRAL"
"https://cointelegraph.com/news/btc-stocks-correlation-not-what-we-want-5-things-to-know-in-bitcoin-this-week","Bitcoin","NEGATIVE"
"https://coinbuzzfeed.com/?_page=785","Bitcoin","NEUTRAL"
"https://coinbuzzfeed.com/?_page=785","Ethereum","NEUTRAL"
"https://cointelegraph.com/ethereum-for-beginners","Ethereum","NEUTRAL"
"https://www.newsbtc.com/news/company/algoracle-the-next-phase-oracle-solution-ready-to-power-the-algorand-ecosystem/","Algorand","NEUTRAL"
"https://coinbuzzfeed.com/?_page=2","Bitcoin","NEUTRAL"
"https://coinbuzzfeed.com/?_page=2","Ethereum","NEUTRAL"
"https://www.newsbtc.com/analysis/eth/ethereum-takes-hit-3k/","Ethereum","NEUTRAL"
"https://cointelegraph.com/news/cathie-wood-s-ark-invest-dumps-paypal-favoring-bitcoin-friendly-cash-app","Bitcoin","POSITIVE"
"https://coinbuzzfeed.com/?_page=2","Bitcoin","NEUTRAL"
"https://coinbuzzfeed.com/?_page=2","Ethereum","NEUTRAL"
"https://bitcoinist.com/crypto-and-cocaine-down-under/","Bitcoin","NEUTRAL"
"https://coinbuzzfeed.com/?_page=3","Bitcoin","NEUTRAL"
"https://coinbuzzfeed.com/?_page=3","Ethereum","NEUTRAL"
"https://cryptonews.com/news/bitcoin-and-ethereum-print-bearish-pattern-waves-halves-in-a-week.htm","Bitcoin","NEUTRAL"
"https://cryptonews.com/news/bitcoin-and-ethereum-print-bearish-pattern-waves-halves-in-a-week.htm","Ethereum","NEUTRAL"
"https://www.coindesk.com/price/bitcoin-gold/","Bitcoin","NEUTRAL"
"https://coinbuzzfeed.com/?_page=313","Bitcoin","NEUTRAL"
"https://coinbuzzfeed.com/?_page=313","Ethereum","NEUTRAL"
"https://coinbuzzfeed.com/?_page=2","Bitcoin","NEUTRAL"
"https://coinbuzzfeed.com/?_page=2","Ethereum","NEUTRAL"
"https://coinbuzzfeed.com/ethereum-will-continue-to-outperform-bitcoin/","Bitcoin","NEUTRAL"
"https://coinbuzzfeed.com/ethereum-will-continue-to-outperform-bitcoin/","Ethereum","NEUTRAL"
"https://coinbuzzfeed.com/exchanges-have-seen-unprecedented-outflows-of-ether-while-bitcoin-has-broken-over-the-43000-barrier/","Bitcoin","NEGATIVE"
"https://bitcoinist.com/why-bitcoin-is-the-hope-of-activist-movements/","Bitcoin","NEGATIVE"
"https://www.newsbtc.com/analysis/btc/bitcoin-resumes-decline-40k/","Bitcoin","NEGATIVE"
"https://www.livemint.com/market/cryptocurrency-prices-today-plunge-check-bitcoin-ether-dogecoin-shiba-inu-latest-rates-11649646177476.html","Bitcoin","NEGATIVE"
"https://coinbuzzfeed.com/?_page=2","Bitcoin","NEUTRAL"
"https://coinbuzzfeed.com/?_page=2","Ethereum","NEUTRAL"
"https://www.coindesk.com/markets/2022/04/10/first-mover-asia-whats-in-hsbcs-metaverse-fund-for-hong-kong-singapore-private-banking-clients-bitcoin-declines/?utm_medium=referral&utm_source=rss&utm_campaign=headlines","Bitcoin","NEUTRAL"
"https://coinbuzzfeed.com/?_page=3","Bitcoin","NEUTRAL"
"https://coinbuzzfeed.com/?_page=3","Ethereum","NEUTRAL"
"https://coinbuzzfeed.com/?_page=102","Bitcoin","NEUTRAL"
"https://coinbuzzfeed.com/?_page=102","Ethereum","NEUTRAL"
"https://cointelegraph.com/news/bitcoin-slides-below-44k-in-april-first-as-trader-warns-something-is-off-with-btc","Bitcoin","NEGATIVE"
"https://coinbuzzfeed.com/?_page=2","Bitcoin","NEUTRAL"
"https://coinbuzzfeed.com/?_page=2","Ethereum","NEUTRAL"
"https://cointelegraph.com/news/bitcoin-battles-for-weekly-close-above-42k-as-lfg-buys-4-130-more-btc","Bitcoin","NEUTRAL"
"https://cointelegraph.com/news/bitcoin-trader-eyes-38k-dip-as-cathie-wood-confirms-1m-btc-price-target-by-2030","Bitcoin","NEUTRAL"
"https://www.coindesk.com/layer2/2022/04/10/while-you-were-out-partying-i-studied-bitcoin-development/?utm_medium=referral&utm_source=rss&utm_campaign=headlines","Bitcoin","NEUTRAL"
"https://www.coindesk.com/business/2022/04/10/bitcoin-2022-miami-mining-gets-its-moment-under-the-sun/?utm_medium=referral&utm_source=rss&utm_campaign=headlines","Bitcoin","NEUTRAL"
"https://www.cbsnews.com/news/crypto-for-dummies-the-how-what-and-why-of-using-virtual-currency/","Bitcoin","NEUTRAL"
"https://coinbuzzfeed.com/?_page=2","Bitcoin","NEUTRAL"
"https://coinbuzzfeed.com/?_page=2","Ethereum","NEUTRAL"
"https://cointelegraph.com/news/67-of-cardano-holders-underwater-and-most-bought-less-than-1-year-ago","Cardano","NEUTRAL"
"https://www.newsbtc.com/crypto/bitcoin-and-ether-up/","Bitcoin","NEUTRAL"
"https://cointelegraph.com/news/bears-have-a-100m-reason-to-keep-bitcoin-price-under-45k-until-friday-s-options-expiry","Bitcoin","NEUTRAL"
"https://coinbuzzfeed.com/?_page=3","Bitcoin","NEUTRAL"
"https://coinbuzzfeed.com/?_page=3","Ethereum","NEUTRAL"
"https://coinbuzzfeed.com/?_page=54","Bitcoin","NEUTRAL"
"https://coinbuzzfeed.com/?_page=54","Ethereum","NEUTRAL"
"https://coinbuzzfeed.com/?_page=2","Bitcoin","NEUTRAL"
"https://coinbuzzfeed.com/?_page=2","Ethereum","NEUTRAL"
"https://www.livemint.com/market/cryptocurrency/cryptocurrency-price-today-10th-april-bitcoin-ethereum-tether-trade-in-green-11649554645359.html","Bitcoin","NEUTRAL"
"https://www.livemint.com/market/cryptocurrency/cryptocurrency-price-today-10th-april-bitcoin-ethereum-tether-trade-in-green-11649554645359.html","Ethereum","NEUTRAL"
"https://coinbuzzfeed.com/cardanos-scaling-solution-based-on-zk-rolloups-unveiled/","Cardano","NEGATIVE"
"https://bitcoinist.com/bitcoin-block-tesla-and-blockstream-to-build-mine/","Bitcoin","NEUTRAL"
"https://bitcoinist.com/bitcoin-2022-recap-mow-saylor-wood-diop-ammous/","Bitcoin","NEUTRAL"
"https://coinbuzzfeed.com/?_page=2","Bitcoin","NEUTRAL"
"https://coinbuzzfeed.com/?_page=2","Ethereum","NEUTRAL"
"https://coinbuzzfeed.com/?_page=3","Bitcoin","NEUTRAL"
"https://coinbuzzfeed.com/?_page=3","Ethereum","NEUTRAL"
"https://coinbuzzfeed.com/?_page=50","Bitcoin","NEUTRAL"
"https://coinbuzzfeed.com/?_page=50","Ethereum","NEUTRAL"
"https://www.newsbtc.com/","Bitcoin","NEUTRAL"
"https://coinbuzzfeed.com/?_page=2","Bitcoin","NEUTRAL"
"https://coinbuzzfeed.com/?_page=2","Ethereum","NEUTRAL"
"https://in.tradingview.com/symbols/BTCUSDT/technicals/","Bitcoin","NEUTRAL"
"https://www.newsbtc.com/news/bitcoin/","Bitcoin","NEUTRAL"
"https://news.bitcoin.com/bank-of-spain-reminds-public-banks-can-block-cryptocurrency-purchases-in-certain-cases/","Bitcoin","NEUTRAL"
"https://www.newsbtc.com/news/ethereum/","Ethereum","NEUTRAL"
"https://www.coindesk.com/data/","Bitcoin","NEUTRAL"
"https://www.coindesk.com/data/","Ethereum","NEUTRAL"
"https://www.livebitcoinnews.com/stellar-lumen-xlm-price-turns-red-below-0-2-bears-in-control/","Bitcoin","NEUTRAL"
"https://www.coindesk.com/markets/2022/04/10/first-mover-asia-whats-in-hsbcs-metaverse-fund-for-hong-kong-singapore-private-banking-clients-bitcoin-declines/","Bitcoin","NEUTRAL"
"https://www.newsbtc.com/news/cardano/","Cardano","NEUTRAL"
"https://coinbuzzfeed.com/bitcoin-futures-trading/","Bitcoin","NEUTRAL"
"https://www.newsbtc.com/press-releases/","Bitcoin","NEGATIVE"
"https://www.newsbtc.com/analysis/btc/","Bitcoin","NEUTRAL"
"https://www.coindesk.com/author/Damanick/","Bitcoin","NEUTRAL"
"https://www.coindesk.com/author/Damanick/","Ethereum","NEUTRAL"
"https://dailycoin.com/tesla-team-up-with-block-and-blockstream-to-mine-bitcoin-with-solar-energy/","Bitcoin","NEUTRAL"
"https://www.newsbtc.com/analysis/eth/","Bitcoin","NEUTRAL"
"https://www.newsbtc.com/analysis/eth/","Ethereum","NEUTRAL"
"https://www.coindesk.com/author/james-rubin/","Bitcoin","NEUTRAL"
"https://www.coindesk.com/author/james-rubin/","Ethereum","NEUTRAL"
"https://www.newsbtc.com/analysis/xtz/","Bitcoin","NEUTRAL"
"https://www.cudominer.com/?a=yIz9wdRiK","Bitcoin","NEUTRAL"
"https://www.newsbtc.com/analysis/eos-price/","Cardano","NEUTRAL"
"https://dailycoin.com/luna-foundation-holds-nearly-40000-btc-making-it-nineteenth-largest-bitcoin-holder/","Bitcoin","NEGATIVE"
"https://bitcoinist.com/category/press-releases/","Bitcoin","NEUTRAL"
"https://www.newsbtc.com/news/yearnfinance/","Bitcoin","NEUTRAL"
"https://www.newsbtc.com#","Bitcoin","NEUTRAL"
"https://www.newsbtc.com/bitcoin-businesses/","Bitcoin","NEUTRAL"
"https://dailycoin.com/change-the-code-not-climate-will-the-fight-over-bitcoin-make-a-difference/","Bitcoin","NEUTRAL"
"https://www.newsbtc.com/brokers/","Bitcoin","POSITIVE"
"https://www.coindesk.com/author/shauryamalwa/","Bitcoin","NEUTRAL"
"https://www.coindesk.com/author/shauryamalwa/","Ethereum","NEUTRAL"
"https://www.newsbtc.com/casinos/","Bitcoin","NEUTRAL"
"https://www.newsbtc.com/casinos/","Bitcoin","NEUTRAL"
"https://bitcoinist.com/","Bitcoin","NEUTRAL"
"https://bitcoinist.com#","Bitcoin","NEUTRAL"
"https://bitcoinist.com/category/bitcoin/","Bitcoin","NEUTRAL"
"https://bitcoinist.com/category/bitcoin/","Bitcoin","NEUTRAL"
"https://bitcoinist.com/category/bitcoin-price/","Bitcoin","NEUTRAL"
"https://bitcoinist.com/category/bitcoin-businesses/","Bitcoin","NEUTRAL"
"https://bitcoinist.com/category/bitcoin-acceptance/","Bitcoin","NEUTRAL"
"https://www.coindesk.com/author/CoinDesk/","Bitcoin","NEUTRAL"
"https://www.coindesk.com/author/CoinDesk/","Ethereum","NEUTRAL"
"https://bitcoinist.com/category/bitcoin-technology/","Bitcoin","NEUTRAL"
"https://bitcoinist.com/category/bitcoin-investment/","Bitcoin","NEUTRAL"
"https://bitcoinist.com/category/bitcoin-regulation/","Bitcoin","NEUTRAL"
"https://bitcoinist.com/category/reviews/","Bitcoin","NEUTRAL"
"https://cointelegraph.com/news/seven-times-bitcoin-miners-made-the-world-a-better-place","Bitcoin","POSITIVE"
"https://bitcoinist.com/category/ethereum/","Ethereum","NEUTRAL"
"https://cointelegraph.com/news/bitcoin-whales-fill-their-bags-despite-warnings-btc-price-could-fall-below-40k","Bitcoin","NEGATIVE"
"https://www.coindesk.com/author/kevin-reynolds/","Bitcoin","NEUTRAL"
"https://www.coindesk.com/author/kevin-reynolds/","Ethereum","NEUTRAL"
"https://bitcoinist.com/category/bitcoin-security/","Bitcoin","NEUTRAL"
"https://bitcoinist.com/bitcoin-price/","Bitcoin","NEUTRAL"
"https://www.coindesk.com/markets/2022/04/11/bitcoin-slips-under-42k-as-mounting-macro-risks-dollar-strength-overshadow-lfg-purchases/","Bitcoin","NEUTRAL"
"https://bitcoinist.com/ethereum-price/","Ethereum","NEUTRAL"
"https://www.coindesk.com/layer2/2022/04/10/while-you-were-out-partying-i-studied-bitcoin-development/","Bitcoin","NEUTRAL"
"https://www.coindesk.com/business/2022/04/10/bitcoin-2022-miami-mining-gets-its-moment-under-the-sun/","Bitcoin","NEUTRAL"
"https://www.coindesk.com/tech/2022/04/08/ethereum-rollup-arbitrum-releases-major-update/","Ethereum","NEUTRAL"
"https://www.coindesk.com/markets/2022/04/08/bitcoin-stalls-below-48k-resistance-support-at-40k-43k/","Bitcoin","NEUTRAL"
"https://www.coindesk.com/business/2022/04/08/canaan-unveils-new-bitcoin-mining-machine-as-it-sees-speedier-asic-market-growth/","Bitcoin","NEUTRAL"
"https://www.coindesk.com/tech/2022/04/08/tesla-blockstream-and-block-to-mine-bitcoin-using-solar-power-in-texas/","Bitcoin","NEGATIVE"
"https://www.coindesk.com/business/2022/04/08/first-mover-americas-bitcoin-eyes-weekly-loss-ahead-of-us-cpi/","Bitcoin","NEUTRAL"
"https://www.coindesk.com/tech/2022/04/08/ethereum-gas-usage-rose-in-march-as-ether-ran-to-35k/","Ethereum","NEUTRAL"
"https://bitcoinist.com/what-is-bitcoin-guide/","Bitcoin","NEUTRAL"
"https://www.coindesk.com/layer2/2022/04/08/the-meaning-of-miamis-castrated-bitcoin-bull/","Bitcoin","NEUTRAL"
"https://www.coindesk.com/tv","Bitcoin","NEUTRAL"
"https://www.coindesk.com/tv","Ethereum","NEUTRAL"
